地区	年度	GDP(亿元)	GDP增长指数(上年＝100)	第二产业增加值(亿元)	第三产业增加值(亿元)	第一产业增加值(亿元)	区域
安徽	1997	0.467952673	0.933862876	0.451424437	0.430055897	0.667489463	3
安徽	1998	0.476179837	0.908026756	0.461495125	0.440883872	0.668901391	3
安徽	1999	0.482875955	0.914715719	0.466538013	0.452280988	0.669375372	3
安徽	2000	0.489893694	0.908026756	0.474359273	0.462348657	0.668485553	3
安徽	2001	0.501193287	0.913043478	0.490697243	0.473198109	0.671875568	3
安徽	2002	0.510163454	0.918896321	0.497455189	0.48606058	0.675870839	3
安徽	2003	0.522363923	0.914381271	0.512100768	0.502349924	0.669855166	3
安徽	2004	0.540917766	0.939799331	0.529809696	0.517997839	0.702472797	3
安徽	2005	0.551987007	0.928093645	0.548586993	0.525738207	0.70481907	3
安徽	2006	0.567165084	0.941471572	0.569660846	0.538656563	0.711198745	3
安徽	2007	0.590342955	0.954013378	0.597635027	0.560297883	0.725430672	3
安徽	2008	0.612109181	0.942056856	0.624307693	0.57729693	0.749370186	3
安徽	2009	0.628530072	0.945652174	0.644514758	0.592412341	0.757151016	3
安徽	2010	0.65397991	0.955685619	0.679274384	0.609330089	0.779638195	3
安徽	2011	0.681521874	0.948160535	0.713691971	0.630426835	0.804105592	3
安徽	2012	0.697927721	0.929765886	0.731260665	0.646718569	0.816670628	3
安徽	2013	0.71421472	0.922240803	0.74622179	0.665718789	0.828812922	3
安徽	2014	0.727168405	0.913043478	0.756840975	0.682215477	0.837901212	3
安徽	2015	0.735447681	0.908946488	0.754842312	0.701400232	0.843741262	3
安徽	2016	0.750134689	0.909698997	0.764073567	0.722356545	0.851666707	3
安徽	2017	0.768430138	0.908026756	0.778925688	0.74561815	0.857903625	3
安徽	2018	0.789671245	0.903177258	0.795560564	0.773158256	0.861575085	3
安徽	2019	0.802415971	0.897157191	0.805207928	0.787648984	0.87899568	3
安徽	2020	0.810254369	0.868729097	0.812618872	0.79470597	0.894647348	3
北京	1997	0.453223025	0.921404682	0.445350152	0.458424482	0.425169041	1
北京	1998	0.466196056	0.91638796	0.451967604	0.47592754	0.425937291	1
北京	1999	0.477857268	0.928093645	0.458893794	0.490822549	0.426482667	1
北京	2000	0.494582976	0.936454849	0.470866965	0.510805071	0.427457371	1
北京	2001	0.511062343	0.934782609	0.480025024	0.531538141	0.429062388	1
北京	2002	0.527545382	0.934782609	0.488882066	0.552102391	0.430748343	1
北京	2003	0.543799289	0.928929766	0.505265699	0.568895146	0.432511214	1
北京	2004	0.562773208	0.947324415	0.525581071	0.58793253	0.433840156	1
北京	2005	0.578070873	0.938963211	0.533275999	0.607045857	0.435353588	1
北京	2006	0.596820871	0.943143813	0.54218291	0.630424203	0.435653763	1
北京	2007	0.62336448	0.956521739	0.558971344	0.661353078	0.447214061	1
北京	2008	0.639139192	0.911371237	0.564123794	0.681223314	0.457525402	1
北京	2009	0.650499063	0.919732441	0.573191311	0.693714342	0.461877431	1
北京	2010	0.670088754	0.923076923	0.592635291	0.714035114	0.466528142	1
北京	2011	0.688924747	0.903846154	0.60427435	0.735827763	0.475097374	1
北京	2012	0.703050261	0.900752508	0.613890747	0.751801283	0.484534777	1
北京	2013	0.717994963	0.900501672	0.623527304	0.768887494	0.491760371	1
北京	2014	0.729773907	0.897993311	0.63125267	0.782381032	0.491390534	1
北京	2015	0.741207456	0.893812709	0.63087629	0.797845585	0.479194246	1
北京	2016	0.75427179	0.893812709	0.637747707	0.813235927	0.471722313	1
北京	2017	0.76949803	0.892976589	0.647905456	0.830515737	0.465842292	1
北京	2018	0.785423582	0.892140468	0.658533361	0.848514628	0.464813594	1
北京	2019	0.796221526	0.887123746	0.663041108	0.861413209	0.459963508	1
北京	2020	0.79915358	0.846153846	0.664183686	0.864956964	0.454360561	1
福建	1997	0.481644146	0.95326087	0.486906037	0.446035895	0.631136653	3
福建	1998	0.490973007	0.926421405	0.496187438	0.456713759	0.637917202	3
福建	1999	0.498632074	0.918896321	0.503350768	0.466255661	0.642223107	3
福建	2000	0.508469675	0.913879599	0.516287395	0.475848354	0.644178865	3
福建	2001	0.516538095	0.908528428	0.52693595	0.483470969	0.645796918	3
福建	2002	0.526182691	0.921070234	0.53991852	0.490676441	0.652953795	3
福建	2003	0.538157691	0.931939799	0.555037803	0.501700461	0.657359115	3
福建	2004	0.552689902	0.931438127	0.573288053	0.512467385	0.672242558	3
福建	2005	0.565676802	0.933444816	0.58751861	0.526367513	0.677393953	3
福建	2006	0.583136418	0.960702341	0.60650914	0.545107769	0.683488585	3
福建	2007	0.60961861	0.962374582	0.633761084	0.572688948	0.702576234	3
福建	2008	0.629304749	0.943979933	0.656345867	0.589405733	0.722783465	3
福建	2009	0.645555572	0.939046823	0.673507751	0.607626886	0.724450667	3
福建	2010	0.670433116	0.952341137	0.705051805	0.626315558	0.744371995	3
福建	2011	0.694670931	0.938963211	0.732343289	0.64733384	0.768783692	3
福建	2012	0.711464242	0.932274247	0.750454916	0.663379807	0.782382613	3
福建	2013	0.727066274	0.928093645	0.767857374	0.677895281	0.793242946	3
福建	2014	0.742179872	0.918896321	0.784780705	0.691958016	0.803057694	3
福建	2015	0.753030695	0.910535117	0.791468646	0.708320216	0.809612778	3
福建	2016	0.768083937	0.906354515	0.802104404	0.727909953	0.826661443	3
福建	2017	0.788887377	0.903846154	0.818932309	0.754948148	0.831989829	3
福建	2018	0.810284279	0.905518395	0.843170852	0.774784928	0.843952087	3
福建	2019	0.824983667	0.898829431	0.853795142	0.7934303	0.858780906	3
福建	2020	0.831042575	0.863712375	0.856024177	0.802709625	0.867649829	3
江西	1997	0.428804507	0.938963211	0.415673974	0.392387008	0.611518787	3
江西	1998	0.434732189	0.89548495	0.424302726	0.402564268	0.605014193	3
江西	1999	0.441294201	0.901337793	0.429821888	0.411778951	0.60871866	3
江西	2000	0.448189728	0.902926421	0.436493261	0.419981175	0.614061105	3
江西	2001	0.455660809	0.909531773	0.446643945	0.426593811	0.619253224	3
江西	2002	0.466630268	0.924247492	0.463076404	0.434876363	0.626423281	3
江西	2003	0.4796753	0.944481605	0.486421523	0.442152063	0.630012043	3
江西	2004	0.498160034	0.946488294	0.508606548	0.455650412	0.653942833	3
江西	2005	0.513155549	0.943979933	0.52914455	0.466982829	0.664087877	3
江西	2006	0.531475301	0.938963211	0.555414675	0.479428514	0.674389564	3
江西	2007	0.553952426	0.946488294	0.581885068	0.500220366	0.689925406	3
江西	2008	0.574542217	0.947324415	0.602757124	0.521004015	0.711691875	3
江西	2009	0.585635444	0.946488294	0.614736968	0.532798102	0.718246814	3
江西	2010	0.610369042	0.953177258	0.648767478	0.550171494	0.729449992	3
江西	2011	0.636646392	0.939799331	0.678038148	0.57485467	0.750214055	3
江西	2012	0.649556353	0.927675585	0.689524173	0.590106257	0.763235886	3
江西	2013	0.664034912	0.920568562	0.704255766	0.605677841	0.773711355	3
江西	2014	0.676276298	0.91722408	0.714553734	0.621565325	0.782183667	3
江西	2015	0.685623463	0.912207358	0.716777532	0.639685276	0.79043134	3
江西	2016	0.698284431	0.911371237	0.722922264	0.660500874	0.797642839	3
江西	2017	0.711605487	0.909698997	0.734345429	0.677558162	0.801267805	3
江西	2018	0.72843532	0.908862876	0.743987748	0.70325659	0.804908099	3
江西	2019	0.740537399	0.902173913	0.754590863	0.716250512	0.819812592	3
江西	2020	0.746587244	0.867892977	0.758244475	0.723114163	0.833968787	3
辽宁	1997	0.503453012	0.910535117	0.523465578	0.466284078	0.609053846	2
辽宁	1998	0.511596704	0.905518395	0.529980621	0.474958093	0.622857997	2
辽宁	1999	0.519021178	0.904849498	0.538070522	0.484370165	0.620122143	2
辽宁	2000	0.530846019	0.910869565	0.555343376	0.494071066	0.615720359	2
辽宁	2001	0.538876742	0.911204013	0.559809115	0.505822226	0.625177127	2
辽宁	2002	0.547687565	0.921822742	0.567347306	0.51584667	0.635097234	2
辽宁	2003	0.556398085	0.910535117	0.577506679	0.523854073	0.640305341	2
辽宁	2004	0.566631845	0.923076923	0.582179823	0.534862674	0.674264229	2
辽宁	2005	0.579854737	0.923913043	0.600167574	0.543374199	0.687657928	2
辽宁	2006	0.596868398	0.932274247	0.620272881	0.559243574	0.696161259	2
辽宁	2007	0.62176196	0.943979933	0.648181095	0.581400052	0.72029223	2
辽宁	2008	0.642613131	0.925585284	0.676642964	0.594617851	0.737905247	2
辽宁	2009	0.649637783	0.923076923	0.682291458	0.602833684	0.747562652	2
辽宁	2010	0.660240745	0.922240803	0.695201316	0.609151357	0.766368776	2
辽宁	2011	0.682106851	0.921404682	0.718669355	0.629514569	0.788476121	2
辽宁	2012	0.694134299	0.910535117	0.725460939	0.647032154	0.804216622	2
辽宁	2013	0.704405471	0.908862876	0.73056889	0.66331969	0.812984149	2
辽宁	2014	0.710297028	0.883779264	0.727923341	0.678375546	0.815321357	2
辽宁	2015	0.711601826	0.859531773	0.716382888	0.690427454	0.819494412	2
辽宁	2016	0.712880413	0.840301003	0.707963433	0.702307205	0.801786682	2
辽宁	2017	0.721749475	0.871237458	0.716112601	0.712225887	0.807036285	2
辽宁	2018	0.733457906	0.882943144	0.728087233	0.723999955	0.816831586	2
辽宁	2019	0.741662764	0.881270903	0.734831519	0.732641203	0.829164262	2
辽宁	2020	0.743205939	0.841137124	0.733664607	0.735154573	0.837144075	2
内蒙古	1997	0.4013534	0.926421405	0.394463122	0.365617533	0.565912782	1
内蒙古	1998	0.408669007	0.925585284	0.40105111	0.374720123	0.57246222	1
内蒙古	1999	0.415963334	0.909698997	0.409692229	0.384550101	0.572893907	1
内蒙古	2000	0.425184251	0.926421405	0.420662022	0.395571134	0.57550631	1
内蒙古	2001	0.434425398	0.925585284	0.430726973	0.407092025	0.578136574	1
内蒙古	2002	0.445374241	0.946153846	0.443024515	0.419393635	0.583139679	1
内蒙古	2003	0.464240856	0.972408027	0.452699992	0.447901944	0.596634976	1
内蒙古	2004	0.48401803	0.975752508	0.472466856	0.4662719	0.623311714	1
内蒙古	2005	0.501790528	1	0.499690299	0.477736295	0.638474821	1
内蒙古	2006	0.518773605	0.986622074	0.522502615	0.492080677	0.64801448	1
内蒙古	2007	0.541712914	0.986622074	0.544806943	0.515723767	0.672189676	1
内蒙古	2008	0.562591455	0.974080268	0.565384063	0.536679386	0.695293273	1
内蒙古	2009	0.577332431	0.969899666	0.580524948	0.553647698	0.700147185	1
内蒙古	2010	0.594133391	0.954013378	0.599349754	0.567511802	0.723007527	1
内蒙古	2011	0.611341161	0.949832776	0.619764606	0.579984558	0.748986285	1
内蒙古	2012	0.623897393	0.925585284	0.634651103	0.589791301	0.764723518	1
内蒙古	2013	0.634520811	0.908862876	0.643238412	0.601869529	0.777906182	1
内蒙古	2014	0.642830794	0.901337793	0.649565514	0.612828359	0.783252903	1
内蒙古	2015	0.650983307	0.900501672	0.653458819	0.626768995	0.782504572	1
内蒙古	2016	0.659220745	0.89632107	0.660977904	0.636991945	0.784448499	1
内蒙古	2017	0.669496882	0.869565217	0.667811921	0.652091173	0.784373393	1
内蒙古	2018	0.680310963	0.879598662	0.677982081	0.663708249	0.793741397	1
内蒙古	2019	0.689114861	0.879598662	0.686898936	0.672243373	0.803701409	1
内蒙古	2020	0.690290215	0.837792642	0.689016686	0.670367966	0.817190254	1
宁夏	1997	0.289334856	0.902173913	0.288681547	0.270784207	0.38144277	6
宁夏	1998	0.29453233	0.909698997	0.292758099	0.276776353	0.387822585	6
宁夏	1999	0.29897445	0.912207358	0.297933876	0.282571918	0.386750661	6
宁夏	2000	0.305557512	0.921404682	0.307417709	0.289674485	0.383394932	6
宁夏	2001	0.313878802	0.920568562	0.314413498	0.299966791	0.389275441	6
宁夏	2002	0.320942919	0.92173913	0.321985285	0.307211626	0.394286008	6
宁夏	2003	0.331378979	0.933946488	0.336847558	0.315401173	0.398198835	6
宁夏	2004	0.342220985	0.921404682	0.350094771	0.323621925	0.411207195	6
宁夏	2005	0.349778648	0.918896321	0.35792457	0.331481665	0.416686334	6
宁夏	2006	0.361447277	0.933946488	0.373600869	0.340106021	0.424727535	6
宁夏	2007	0.3799986	0.933946488	0.394390252	0.357007099	0.441205905	6
宁夏	2008	0.400352614	0.933110368	0.417067248	0.375710751	0.458750934	6
宁夏	2009	0.408937961	0.927257525	0.422157608	0.388457737	0.464690154	6
宁夏	2010	0.426969255	0.940635452	0.44048575	0.405644923	0.486484587	6
宁夏	2011	0.44495399	0.93729097	0.460895389	0.421999982	0.500778624	6
宁夏	2012	0.453773744	0.923913043	0.467961134	0.432779156	0.508562484	6
宁夏	2013	0.461857579	0.918478261	0.474115195	0.442204763	0.519731841	6
宁夏	2014	0.467518824	0.903010033	0.478869664	0.449166108	0.522754876	6
宁夏	2015	0.471439983	0.903010033	0.479135956	0.455461073	0.532012515	6
宁夏	2016	0.478602942	0.897993311	0.484415463	0.465071598	0.533877455	6
宁夏	2017	0.492221763	0.897157191	0.501719229	0.476957763	0.538073146	6
宁夏	2018	0.501405731	0.892976589	0.507448364	0.488665152	0.549895727	6
宁夏	2019	0.508035093	0.890468227	0.514025354	0.49620778	0.550108128	6
宁夏	2020	0.5126159	0.868729097	0.515433607	0.500977578	0.571247198	6
青海	1997	0.283486238	0.911705686	0.268502829	0.275505927	0.376074104	6
青海	1998	0.288383017	0.910702341	0.272415533	0.282048326	0.378103399	6
青海	1999	0.293049002	0.903929766	0.276364075	0.288985406	0.376487058	6
青海	2000	0.298770773	0.910869565	0.28343494	0.296229145	0.373001311	6
青海	2001	0.306608757	0.9340301	0.293358935	0.302838089	0.381221485	6
青海	2002	0.314473716	0.937123746	0.303030999	0.311127907	0.382187946	6
青海	2003	0.322266245	0.927257525	0.312696567	0.31905448	0.38336161	6
青海	2004	0.331548015	0.930602007	0.322551278	0.326269274	0.401659875	6
青海	2005	0.339481302	0.929765886	0.336315494	0.330423405	0.40797176	6
青海	2006	0.350409696	0.938963211	0.34871731	0.341680763	0.411847219	6
青海	2007	0.365255203	0.940635452	0.362091737	0.357099576	0.429919208	6
青海	2008	0.381652054	0.940635452	0.379969931	0.371574691	0.450913621	6
青海	2009	0.385230371	0.92090301	0.383249457	0.375797377	0.45239271	6
青海	2010	0.400702031	0.947324415	0.398458691	0.39042907	0.47373315	6
青海	2011	0.415424536	0.940635452	0.416323279	0.402981061	0.487259666	6
青海	2012	0.424594755	0.929765886	0.425959819	0.411066864	0.500342905	6
青海	2013	0.434400047	0.926421405	0.433998274	0.421050887	0.516737795	6
青海	2014	0.441011491	0.913043478	0.438229698	0.429773184	0.522276843	6
青海	2015	0.448544929	0.904682274	0.443767456	0.440812752	0.518845834	6
青海	2016	0.45906562	0.901337793	0.455549526	0.451184339	0.524796912	6
青海	2017	0.467186123	0.89632107	0.466363199	0.457320728	0.532724986	6
青海	2018	0.477447935	0.89548495	0.477138997	0.466800451	0.545377901	6
青海	2019	0.483976898	0.887123746	0.482277851	0.473293105	0.558484077	6
青海	2020	0.486091646	0.848662207	0.481409564	0.475987986	0.569987653	6
山东	1997	0.567805115	0.928929766	0.58945851	0.511731763	0.735379898	3
山东	1998	0.575979197	0.926003344	0.598914915	0.520857236	0.737923456	3
山东	1999	0.583530495	0.919899666	0.606997613	0.530529574	0.738552387	3
山东	2000	0.595262313	0.915551839	0.622081278	0.541277764	0.742274581	3
山东	2001	0.606322488	0.914715719	0.632210664	0.554180011	0.752469576	3
山东	2002	0.61913419	0.928093645	0.647603124	0.567145382	0.755663385	3
山东	2003	0.62897547	0.926421405	0.664267554	0.568881101	0.765118831	3
山东	2004	0.654554411	0.940635452	0.698001171	0.583554744	0.79351911	3
山东	2005	0.67867406	0.941471572	0.724711641	0.607579725	0.809221173	3
山东	2006	0.702628992	0.938963211	0.751045538	0.631902286	0.823019326	3
山东	2007	0.72844526	0.935618729	0.777051506	0.658398822	0.848999022	3
山东	2008	0.754634168	0.91722408	0.804577621	0.683339821	0.876601056	3
山东	2009	0.767727547	0.918060201	0.815174328	0.700448426	0.888465983	3
山东	2010	0.789260227	0.923076923	0.832953038	0.727881018	0.90703318	3
山东	2011	0.811858017	0.925585284	0.852605612	0.755272445	0.92527969	3
山东	2012	0.827427763	0.91722408	0.863855752	0.776317331	0.938568775	3
山东	2013	0.843677114	0.914715719	0.874473028	0.798282564	0.956732134	3
山东	2014	0.855563771	0.907190635	0.881864742	0.815260655	0.965534323	3
山东	2015	0.87026214	0.901337793	0.890853146	0.836213529	0.975275609	3
山东	2016	0.88093257	0.897993311	0.896175315	0.85374966	0.972371217	3
山东	2017	0.893320837	0.897324415	0.90551725	0.870458172	0.972470241	3
山东	2018	0.903402382	0.888795987	0.909504706	0.886152022	0.977165976	3
山东	2019	0.913714212	0.880434783	0.913748341	0.901563998	0.983651495	3
山东	2020	0.920323688	0.866220736	0.916587441	0.910584935	0.992960655	3
山西	1997	0.421638194	0.930602007	0.437339588	0.391687089	0.510065567	1
山西	1998	0.429087729	0.918896321	0.443781448	0.400269761	0.518008732	1
山西	1999	0.432031093	0.897157191	0.44657006	0.409670858	0.491858807	1
山西	2000	0.440915978	0.914715719	0.454567716	0.418981427	0.503529699	1
山西	2001	0.449367613	0.920568562	0.464468397	0.428400576	0.498520588	1
山西	2002	0.461742439	0.943812709	0.480629069	0.436646588	0.513196198	1
山西	2003	0.48108418	0.935618729	0.509652437	0.447178934	0.521918379	1
山西	2004	0.500998828	0.93812709	0.534624024	0.460951793	0.543233292	1
山西	2005	0.516703622	0.923913043	0.557860296	0.470504092	0.536865435	1
山西	2006	0.531854966	0.918896321	0.57580171	0.483815226	0.540536674	1
山西	2007	0.556948843	0.946488294	0.605591678	0.503800297	0.559060056	1
山西	2008	0.579249885	0.905518395	0.629993123	0.52356457	0.582793765	1
山西	2009	0.578035941	0.882107023	0.6212034	0.529899563	0.603127407	1
山西	2010	0.604002489	0.926421405	0.655433438	0.546327947	0.620314306	1
山西	2011	0.628873677	0.919732441	0.68663568	0.563639221	0.637823713	1
山西	2012	0.637726357	0.913043478	0.688709424	0.582341581	0.649443119	1
山西	2013	0.641012415	0.911371237	0.685291158	0.593498576	0.660321947	1
山西	2014	0.642157805	0.877090301	0.678890983	0.602858623	0.667554725	1
山西	2015	0.639391012	0.861204013	0.652216766	0.6234451	0.665657176	1
山西	2016	0.640575145	0.870401338	0.649545192	0.627992211	0.665302985	1
山西	2017	0.665735929	0.892976589	0.684283688	0.647712931	0.664359696	1
山西	2018	0.678764426	0.891304348	0.693110282	0.665155789	0.668301607	1
山西	2019	0.687093811	0.887123746	0.700623612	0.673552048	0.682905393	1
山西	2020	0.692597808	0.866220736	0.704505419	0.679052049	0.701905772	1
陕西	1997	0.415011443	0.925585284	0.418425923	0.38671904	0.540118625	6
陕西	1998	0.420627831	0.933110368	0.424246902	0.392644327	0.544896974	6
陕西	1999	0.428100956	0.922240803	0.434058167	0.402006253	0.539758658	6
陕西	2000	0.438904446	0.923076923	0.44624096	0.414280998	0.541297658	6
陕西	2001	0.448527084	0.918060201	0.45671331	0.425097251	0.543547045	6
陕西	2002	0.458870297	0.928595318	0.469372743	0.434058737	0.551001337	6
陕西	2003	0.471743723	0.934782609	0.487774292	0.442737886	0.558764979	6
陕西	2004	0.490401449	0.944816054	0.508664654	0.459333232	0.577432508	6
陕西	2005	0.509882984	0.93729097	0.527584268	0.479832778	0.5962083	6
陕西	2006	0.529165929	0.938963211	0.552214586	0.494989114	0.609192419	6
陕西	2007	0.5521023	0.955685619	0.578516281	0.514522936	0.632093299	6
陕西	2008	0.578523096	0.9590301	0.607721088	0.537055477	0.664049009	6
陕西	2009	0.591176425	0.93812709	0.618947758	0.552809592	0.67024265	6
陕西	2010	0.616264987	0.952341137	0.648471355	0.571923742	0.701914669	6
陕西	2011	0.643008769	0.945652174	0.68114029	0.590846247	0.734440894	6
陕西	2012	0.662563272	0.93812709	0.703341761	0.608447859	0.749570963	6
陕西	2013	0.678314841	0.923913043	0.717637212	0.626243219	0.765801345	6
陕西	2014	0.690629304	0.91638796	0.72802398	0.641429939	0.776325153	6
陕西	2015	0.694524318	0.900501672	0.721794196	0.656633455	0.77955732	6
陕西	2016	0.703205549	0.898829431	0.72578033	0.66998972	0.788730189	6
陕西	2017	0.720282791	0.901337793	0.744472718	0.687681254	0.792868966	6
陕西	2018	0.736129671	0.903846154	0.760021064	0.705056804	0.800824606	6
陕西	2019	0.747177211	0.886287625	0.767518855	0.71906313	0.814435672	6
陕西	2020	0.749415675	0.85451505	0.762007196	0.725284052	0.835890067	6
上海	1997	0.500115529	0.943143813	0.52576466	0.481475043	0.417162821	3
上海	1998	0.510252456	0.922240803	0.531514209	0.496286878	0.419280508	3
上海	1999	0.520274441	0.923076923	0.537822122	0.510084357	0.419976991	3
上海	2000	0.534060557	0.926170569	0.549502653	0.526141526	0.422492003	3
上海	2001	0.543602159	0.923913043	0.558989871	0.536036401	0.423950454	3
上海	2002	0.554285683	0.930936455	0.568891827	0.547692365	0.425718356	3
上海	2003	0.572368249	0.938628763	0.592873393	0.5613295	0.427133458	3
上海	2004	0.592702601	0.947324415	0.614405703	0.581212694	0.429697725	3
上海	2005	0.607928992	0.932274247	0.627852791	0.598288384	0.436549359	3
上海	2006	0.625424417	0.943143813	0.644791005	0.616688937	0.439964128	3
上海	2007	0.650275031	0.963210702	0.663277264	0.647203756	0.447214061	3
上海	2008	0.66621903	0.91722408	0.675396641	0.666282163	0.455870656	3
上海	2009	0.676919246	0.906354515	0.674728126	0.685189174	0.458343878	3
上海	2010	0.694653095	0.921404682	0.700033314	0.69805625	0.460043894	3
上海	2011	0.710183845	0.905518395	0.713346691	0.715331984	0.469231963	3
上海	2012	0.719153217	0.898494983	0.713430499	0.730415603	0.471365593	3
上海	2013	0.731535858	0.902173913	0.715381836	0.749441057	0.473030725	3
上海	2014	0.744120098	0.89548495	0.721271959	0.766104151	0.473023536	3
上海	2015	0.753409588	0.894147157	0.717479429	0.782542273	0.468584241	3
上海	2016	0.769518629	0.893812709	0.720214521	0.805460683	0.45991525	3
上海	2017	0.784563013	0.893812709	0.735605361	0.820719777	0.45701499	3
上海	2018	0.798751502	0.892976589	0.748069886	0.83605107	0.451953602	3
上海	2019	0.807329914	0.886287625	0.745640003	0.849615071	0.453937506	3
上海	2020	0.810337931	0.850334448	0.747037294	0.853390428	0.450904914	3
四川	1997	0.493481726	0.923913043	0.49125135	0.445368143	0.691770981	5
四川	1998	0.500369566	0.91638796	0.495726271	0.4563523	0.696722756	5
四川	1999	0.505312804	0.890468227	0.497630083	0.465940589	0.698816554	5
四川	2000	0.512815793	0.911371237	0.503639272	0.477316248	0.701742579	5
四川	2001	0.522017142	0.911204013	0.513044154	0.488503529	0.707019313	5
四川	2002	0.532112204	0.923913043	0.523169525	0.499450319	0.716318694	5
四川	2003	0.545420822	0.928093645	0.539455286	0.511845032	0.727020994	5
四川	2004	0.563696532	0.935618729	0.560184804	0.526707013	0.751186448	5
四川	2005	0.578814572	0.942307692	0.582313605	0.538479434	0.759389459	5
四川	2006	0.598345567	0.948996656	0.607454963	0.552597812	0.78094121	5
四川	2007	0.62498951	0.95735786	0.636152278	0.576653439	0.812415664	5
四川	2008	0.649033338	0.928093645	0.665343611	0.599693441	0.826187663	5
四川	2009	0.663014193	0.956939799	0.684652692	0.612174432	0.827835032	5
四川	2010	0.68921292	0.962374582	0.715325021	0.636948236	0.844368151	5
四川	2011	0.717425292	0.961538462	0.742999604	0.665790739	0.875281671	5
四川	2012	0.736009906	0.933946488	0.76023495	0.686684273	0.89226655	5
四川	2013	0.75133028	0.919732441	0.775676417	0.704346722	0.89869624	5
四川	2014	0.764321683	0.907190635	0.783796089	0.722161939	0.912984891	5
四川	2015	0.771847573	0.902173913	0.785106862	0.735801581	0.919935058	5
四川	2016	0.785577779	0.901337793	0.788150179	0.759331453	0.931675031	5
四川	2017	0.806979114	0.903846154	0.800849012	0.788593581	0.948355692	5
四川	2018	0.827214967	0.903010033	0.8165753	0.814489834	0.955583217	5
四川	2019	0.840153185	0.897993311	0.827767261	0.828194587	0.971453532	5
四川	2020	0.848101265	0.867892977	0.831425753	0.835558538	1	5
天津	1997	0.408804219	0.937040134	0.433365472	0.383546079	0.416351492	1
天津	1998	0.413854569	0.894648829	0.435043552	0.392326285	0.421743783	1
天津	1999	0.419304346	0.899665552	0.438607923	0.400769333	0.418274073	1
天津	2000	0.428050409	0.905518395	0.447625948	0.409844418	0.421230573	1
天津	2001	0.436588289	0.91638796	0.45461325	0.420210145	0.426841093	1
天津	2002	0.444728036	0.921404682	0.462062	0.429230015	0.432624297	1
天津	2003	0.459049763	0.938963211	0.480907554	0.439906198	0.438328564	1
天津	2004	0.472954532	0.949832776	0.497531966	0.451043802	0.452384117	1
天津	2005	0.490932292	0.93812709	0.516806352	0.468771919	0.458327566	1
天津	2006	0.502202822	0.935618729	0.529135897	0.480405115	0.450713192	1
天津	2007	0.518690061	0.943143813	0.544851594	0.498605662	0.454250718	1
天津	2008	0.542036908	0.950668896	0.56994141	0.521230806	0.461719145	1
天津	2009	0.552641901	0.951505017	0.576188721	0.536558289	0.464016642	1
天津	2010	0.572818436	0.956521739	0.593607266	0.559836685	0.473109777	1
天津	2011	0.592862001	0.948160535	0.610682867	0.583083804	0.479671125	1
天津	2012	0.605877995	0.930602007	0.622497736	0.597459955	0.48420783	1
天津	2013	0.61751445	0.920568562	0.630513316	0.612324869	0.488637455	1
天津	2014	0.625915775	0.898829431	0.636366682	0.62293136	0.491155726	1
天津	2015	0.628701448	0.893812709	0.632856452	0.630422178	0.493295585	1
天津	2016	0.635462407	0.886287625	0.629390536	0.644242316	0.496978422	1
天津	2017	0.645893226	0.864548495	0.63494296	0.658055721	0.497273085	1
天津	2018	0.655092982	0.864548495	0.642315448	0.668542108	0.500950202	1
天津	2019	0.661746927	0.876254181	0.645261236	0.677436428	0.50659409	1
天津	2020	0.662012533	0.848662207	0.641483852	0.679647499	0.51946519	1
西藏	1997	0.233717443	0.934782609	0.207175393	0.219573497	0.348196252	5
西藏	1998	0.241772495	0.93729097	0.214622661	0.23066648	0.35314664	5
西藏	1999	0.248981716	0.938963211	0.222022899	0.239019594	0.359422479	5
西藏	2000	0.254303145	0.923076923	0.227665454	0.245117982	0.363800556	5
西藏	2001	0.262921171	0.942140468	0.235403117	0.257396163	0.366073345	5
西藏	2002	0.27104857	0.943812709	0.236497384	0.270539897	0.370284443	5
西藏	2003	0.278619335	0.936036789	0.254791019	0.27531138	0.371954168	5
西藏	2004	0.287598143	0.936956522	0.258764137	0.28826654	0.376666039	5
西藏	2005	0.293951779	0.93729097	0.267450532	0.294131483	0.381476768	5
西藏	2006	0.303633938	0.947324415	0.27998877	0.303925263	0.38592668	5
西藏	2007	0.31510813	0.953177258	0.292825786	0.31584266	0.393328229	5
西藏	2008	0.324444744	0.920986622	0.301836415	0.325876065	0.400910323	5
西藏	2009	0.331837417	0.939632107	0.311687325	0.332740778	0.40491189	5
西藏	2010	0.341290447	0.938963211	0.32280156	0.342102058	0.410550492	5
西藏	2011	0.353512526	0.942307692	0.338154558	0.353685861	0.416722147	5
西藏	2012	0.364245265	0.934615385	0.348125085	0.36564974	0.42299913	5
西藏	2013	0.375620874	0.93729097	0.360900097	0.376987581	0.429496941	5
西藏	2014	0.38523365	0.926421405	0.370878137	0.3867705	0.436559269	5
西藏	2015	0.393350345	0.928177258	0.378112152	0.39581116	0.441878247	5
西藏	2016	0.402700599	0.920568562	0.388300428	0.403878043	0.456800266	5
西藏	2017	0.414118911	0.92006689	0.402912879	0.414067993	0.462940225	5
西藏	2018	0.425695192	0.910535117	0.420683683	0.422033253	0.470663565	5
西藏	2019	0.43361171	0.903846154	0.428058567	0.430430141	0.477676082	5
西藏	2020	0.443607176	0.901337793	0.448013878	0.433174066	0.485995223	5
新疆	1997	0.393112463	0.906354515	0.385452197	0.363554219	0.544643602	6
新疆	1998	0.398059758	0.898829431	0.387579658	0.371593143	0.54899132	6
新疆	1999	0.402023381	0.897993311	0.39231241	0.380146671	0.540236992	6
新疆	2000	0.415009009	0.908862876	0.411998413	0.389990437	0.547917277	6
新疆	2001	0.422525718	0.907608696	0.417425336	0.402013599	0.547877335	6
新疆	2002	0.429171326	0.904264214	0.421615171	0.410949197	0.554162961	6
新疆	2003	0.442974025	0.930100334	0.43643594	0.417761225	0.588760658	6
新疆	2004	0.455439432	0.931270903	0.45757069	0.422713503	0.601964166	6
新疆	2005	0.469266999	0.927257525	0.480016507	0.428909215	0.614177509	6
新疆	2006	0.48450889	0.928093645	0.501990136	0.441162827	0.61839417	6
新疆	2007	0.501113707	0.93812709	0.514116007	0.462136416	0.639282834	6
新疆	2008	0.518292801	0.927842809	0.537913975	0.474466285	0.650437547	6
新疆	2009	0.520636206	0.903595318	0.529797642	0.485449443	0.661703871	6
新疆	2010	0.54570618	0.924749164	0.562013844	0.496139188	0.709682714	6
新疆	2011	0.567717012	0.938963211	0.587422934	0.520592355	0.716216134	6
新疆	2012	0.582247204	0.928093645	0.595998984	0.540384798	0.736496495	6
新疆	2013	0.596900549	0.928093645	0.601418849	0.564539381	0.750902504	6
新疆	2014	0.60881742	0.919732441	0.613038233	0.577824583	0.759764659	6
新疆	2015	0.609373667	0.909698997	0.600245976	0.589471433	0.760083051	6
新疆	2016	0.613557326	0.898829431	0.600245976	0.596212427	0.766811728	6
新疆	2017	0.631909281	0.899665552	0.621355165	0.61521598	0.774832023	6
新疆	2018	0.649573596	0.887123746	0.637511339	0.635061416	0.788356885	6
新疆	2019	0.657373201	0.887959866	0.640957418	0.645906307	0.796539884	6
新疆	2020	0.659300276	0.864548495	0.639883419	0.64665695	0.813630732	6
云南	1997	0.432500174	0.91722408	0.441730363	0.387346128	0.586928036	5
云南	1998	0.440226311	0.90409699	0.450237792	0.396079196	0.591822962	5
云南	1999	0.443470938	0.897073579	0.449535703	0.40495162	0.592828818	5
云南	2000	0.449391966	0.898829431	0.452189549	0.413018322	0.602808819	5
云南	2001	0.454959986	0.892558528	0.455938427	0.422622321	0.60338831	5
云南	2002	0.463082447	0.911287625	0.463107869	0.433115921	0.608466785	5
云南	2003	0.473397227	0.909698997	0.474140252	0.44398923	0.616437422	5
云南	2004	0.490239622	0.922240803	0.491442992	0.458035709	0.642366918	5
云南	2005	0.501047543	0.910535117	0.500377484	0.471933597	0.650316846	5
云南	2006	0.516989057	0.934782609	0.519546748	0.486930044	0.661628756	5
云南	2007	0.539821396	0.93812709	0.541411441	0.510591166	0.686880321	5
云南	2008	0.558460881	0.924749164	0.561844671	0.526849044	0.709912433	5
云南	2009	0.568451438	0.937541806	0.567594132	0.541779034	0.71655914	5
云南	2010	0.587243803	0.938963211	0.593897985	0.557804535	0.722018245	5
云南	2011	0.612179266	0.950668896	0.61246403	0.585822595	0.758669423	5
云南	2012	0.631199786	0.936454849	0.631974403	0.603304165	0.783483246	5
云南	2013	0.649736498	0.93812709	0.646646179	0.624624959	0.805004973	5
云南	2014	0.661616461	0.903846154	0.656090049	0.638899542	0.815767229	5
云南	2015	0.670052747	0.908862876	0.658877815	0.65235572	0.821527341	5
云南	2016	0.682224172	0.908862876	0.664901807	0.669242134	0.832766608	5
云南	2017	0.699022674	0.915551839	0.677605827	0.690679182	0.841048071	5
云南	2018	0.716261146	0.910535117	0.696852224	0.707856158	0.852275401	5
云南	2019	0.731659714	0.903846154	0.71143463	0.720292189	0.886226764	5
云南	2020	0.739662323	0.869565217	0.715399792	0.726248894	0.916795283	5
浙江	1997	0.531455611	0.928929766	0.565508811	0.475431601	0.644706828	3
浙江	1998	0.539569183	0.921404682	0.574686639	0.485323848	0.642694242	3
浙江	1999	0.54774876	0.920568562	0.583179426	0.495693999	0.642064343	3
浙江	2000	0.561185358	0.928929766	0.594601863	0.514134955	0.647202096	3
浙江	2001	0.574434464	0.925585284	0.60517958	0.532506104	0.653007249	3
浙江	2002	0.591808247	0.942307692	0.62186008	0.553280991	0.65796326	3
浙江	2003	0.61511117	0.9590301	0.649866242	0.574362438	0.664117484	3
浙江	2004	0.635516768	0.945652174	0.674194902	0.591226766	0.679314704	3
浙江	2005	0.65177909	0.943979933	0.690727103	0.607930852	0.691957913	3
浙江	2006	0.673094703	0.953177258	0.715539925	0.627691111	0.696863229	3
浙江	2007	0.700183097	0.95735786	0.744600457	0.65513836	0.705224071	3
浙江	2008	0.719011258	0.920150502	0.764009869	0.673995836	0.719751202	3
浙江	2009	0.7291856	0.911371237	0.768854611	0.690494852	0.727801344	3
浙江	2010	0.756262055	0.935618729	0.796084361	0.718025439	0.750482023	3
浙江	2011	0.779395062	0.911371237	0.818741388	0.741811742	0.773163183	3
浙江	2012	0.791388775	0.903846154	0.826342903	0.758785256	0.780633234	3
浙江	2013	0.804535231	0.905518395	0.83695122	0.774714985	0.790824672	3
浙江	2014	0.815803648	0.900501672	0.849629168	0.785616924	0.791543909	3
浙江	2015	0.829537338	0.902675585	0.858350648	0.8049084	0.79560873	3
浙江	2016	0.843355074	0.898829431	0.866241018	0.8242422	0.806028305	3
浙江	2017	0.860982093	0.901003344	0.879297866	0.846745464	0.809703234	3
浙江	2018	0.878643145	0.89548495	0.89436685	0.867457638	0.813187559	3
浙江	2019	0.891755611	0.892976589	0.9012664	0.885638634	0.822110464	3
浙江	2020	0.897815527	0.866220736	0.902042974	0.895576325	0.828495366	3
重庆	1997	0.424415708	0.929765886	0.431132185	0.389307884	0.560434991	5
重庆	1998	0.429690084	0.908026756	0.434617268	0.399408942	0.558109897	5
重庆	1999	0.433099203	0.901337793	0.437606273	0.406234929	0.55253521	5
重庆	2000	0.43977973	0.908862876	0.445330607	0.41469056	0.550312353	5
重庆	2001	0.448704069	0.913043478	0.454731764	0.424744118	0.554048418	5
重庆	2002	0.459940892	0.923913043	0.466902084	0.436048499	0.562377105	5
重庆	2003	0.472754796	0.933946488	0.483129139	0.447199725	0.56949576	5
重庆	2004	0.487813596	0.940635452	0.500755631	0.456993453	0.596728682	5
重庆	2005	0.499625897	0.934782609	0.512203305	0.469984168	0.606255544	5
重庆	2006	0.512084211	0.940635452	0.531362269	0.483186174	0.584684684	5
重庆	2007	0.53313778	0.969899666	0.550564908	0.505485683	0.610031613	5
重庆	2008	0.556269908	0.95819398	0.569602003	0.533093421	0.630818751	5
重庆	2009	0.569774405	0.962374582	0.584484871	0.546667108	0.636620874	5
重庆	2010	0.592169927	0.97993311	0.606323214	0.570864739	0.650955543	5
重庆	2011	0.620170947	0.973244147	0.63514205	0.598327564	0.67766895	5
重庆	2012	0.636765603	0.949414716	0.654413358	0.612868938	0.691675081	5
重庆	2013	0.651771786	0.938963211	0.670392325	0.627770815	0.701097225	5
重庆	2014	0.667013467	0.927257525	0.687131973	0.64270627	0.708322421	5
重庆	2015	0.67946403	0.928093645	0.695707617	0.658860555	0.719001255	5
重庆	2016	0.695485825	0.925585284	0.706148799	0.678914676	0.740475526	5
重庆	2017	0.71058509	0.913879599	0.718268151	0.69763932	0.745099778	5
重庆	2018	0.721054969	0.886287625	0.724729674	0.711055195	0.756712431	5
重庆	2019	0.734051123	0.888795987	0.73352564	0.726556136	0.774808055	5
重庆	2020	0.742540879	0.868729097	0.742670191	0.732706123	0.798460092	5
海南	1997	0.326531321	0.892976589	0.284980562	0.310159488	0.484613113	4
海南	1998	0.331307072	0.906354515	0.29044401	0.315226475	0.489430385	4
海南	1999	0.336331899	0.907190635	0.293316181	0.319445453	0.499409036	4
海南	2000	0.343127183	0.911371237	0.298019918	0.326161967	0.51015062	4
海南	2001	0.349691749	0.912040134	0.313459089	0.331019508	0.512665821	4
海南	2002	0.357050577	0.916137124	0.320207098	0.336784103	0.52560113	4
海南	2003	0.364634242	0.924832776	0.33103761	0.342288636	0.535327201	4
海南	2004	0.37327694	0.91722408	0.339543788	0.350555313	0.546951428	4
海南	2005	0.380626102	0.923913043	0.349256925	0.357493984	0.553956714	4
海南	2006	0.392170401	0.924749164	0.366291755	0.368527286	0.561706202	4
海南	2007	0.40680446	0.968227425	0.380827328	0.384913542	0.575676827	4
海南	2008	0.421561609	0.922240803	0.392613579	0.399761423	0.59761737	4
海南	2009	0.429576671	0.933779264	0.396307949	0.411712193	0.604381585	4
海南	2010	0.448968358	0.969899666	0.41255409	0.434637367	0.623101736	4
海南	2011	0.467137975	0.93812709	0.432754742	0.450147041	0.648361111	4
海南	2012	0.478877255	0.914715719	0.442133457	0.464908109	0.657703788	4
海南	2013	0.489596136	0.91638796	0.442568096	0.482844825	0.665178012	4
海南	2014	0.499645021	0.908026756	0.451143137	0.493430769	0.677499905	4
海南	2015	0.507647154	0.901337793	0.457131413	0.503112394	0.684560551	4
海南	2016	0.516977429	0.898829431	0.459295895	0.514810082	0.698621749	4
海南	2017	0.526887239	0.894648829	0.468323625	0.526838667	0.704285907	4
海南	2018	0.536230086	0.884615385	0.473544617	0.539997598	0.707636185	4
海南	2019	0.545106237	0.884615385	0.476270313	0.550715269	0.720514063	4
海南	2020	0.54916801	0.865384615	0.473735115	0.556604273	0.727968035	4
河北	1997	0.505395308	0.940635452	0.519112184	0.455252807	0.672075042	1
河北	1998	0.512719152	0.925585284	0.526602358	0.463841506	0.677080835	1
河北	1999	0.518702533	0.912625418	0.531457535	0.472814159	0.679697946	1
河北	2000	0.529913638	0.915301003	0.546031822	0.483750424	0.682806068	1
河北	2001	0.539513782	0.908862876	0.553303517	0.494828667	0.696963934	1
河北	2002	0.548899934	0.915551839	0.561464309	0.506956823	0.70340595	1
河北	2003	0.564225617	0.906354515	0.580791872	0.518635878	0.718526556	1
河北	2004	0.584998841	0.919732441	0.601003492	0.536781886	0.751697819	1
河北	2005	0.602221504	0.922240803	0.622193267	0.555367686	0.753000986	1
河北	2006	0.618721726	0.922240803	0.640622147	0.573183687	0.759233538	1
河北	2007	0.642774528	0.91638796	0.667248231	0.59249151	0.792507055	1
河北	2008	0.663102941	0.903010033	0.691279106	0.609528769	0.811610134	1
河北	2009	0.673131822	0.903846154	0.694863736	0.626176463	0.824857756	1
河北	2010	0.695335727	0.913043478	0.718530969	0.646440089	0.850523874	1
河北	2011	0.719686417	0.922240803	0.746834333	0.669405616	0.865766855	1
河北	2012	0.730735868	0.908862876	0.755972197	0.682240425	0.878893156	1
河北	2013	0.73807314	0.904682274	0.759520694	0.692211008	0.892226797	1
河北	2014	0.743761087	0.890468227	0.763534388	0.700745228	0.893521397	1
河北	2015	0.750651219	0.892976589	0.764100366	0.716118018	0.889868105	1
河北	2016	0.762101251	0.892140468	0.774591092	0.731057137	0.888830175	1
河北	2017	0.773361759	0.891304348	0.780110743	0.748900982	0.891551604	1
河北	2018	0.782501068	0.890468227	0.781643925	0.763745194	0.903131085	1
河北	2019	0.794114559	0.892140468	0.78748773	0.780085394	0.91265829	1
河北	2020	0.799614973	0.868729097	0.78986629	0.785729469	0.930693663	1
河南	1997	0.51572998	0.923996656	0.530124416	0.454480393	0.706306298	4
河南	1998	0.522375321	0.909698997	0.534420163	0.463834597	0.714895382	4
河南	1999	0.527364347	0.903762542	0.536784696	0.471621806	0.721672238	4
河南	2000	0.53930241	0.912207358	0.552770781	0.483094029	0.726546262	4
河南	2001	0.549180318	0.908862876	0.562823321	0.493999668	0.735427892	4
河南	2002	0.558811116	0.912207358	0.579149147	0.49960902	0.736864345	4
河南	2003	0.574678203	0.927257525	0.596811406	0.520752479	0.735834717	4
河南	2004	0.597164748	0.943143813	0.620885428	0.532706003	0.784164086	4
河南	2005	0.621172318	0.955769231	0.651781846	0.55172189	0.802033005	4
河南	2006	0.640912279	0.95735786	0.677570858	0.570870762	0.804263081	4
河南	2007	0.668834437	0.95819398	0.708652263	0.597527703	0.827552811	4
河南	2008	0.693255728	0.936705686	0.738478638	0.613754022	0.857474622	4
河南	2009	0.704201462	0.927759197	0.747546266	0.629674745	0.863374314	4
河南	2010	0.728040541	0.939799331	0.77258602	0.651743269	0.891389754	4
河南	2011	0.750197296	0.936454849	0.794736455	0.6778147	0.903707083	4
河南	2012	0.764694811	0.920986622	0.805986885	0.697734201	0.915683953	4
河南	2013	0.778304205	0.911538462	0.815948109	0.716500887	0.928141955	4
河南	2014	0.792272366	0.910367893	0.827301609	0.735346399	0.935823603	4
河南	2015	0.803452529	0.906354515	0.83496105	0.752803459	0.937103148	4
河南	2016	0.816722323	0.90493311	0.844412102	0.77244403	0.939337006	4
河南	2017	0.834500455	0.901337793	0.861113477	0.794072377	0.942808184	4
河南	2018	0.852717645	0.899665552	0.869962084	0.822808886	0.950508917	4
河南	2019	0.865259382	0.892976589	0.877694926	0.839299986	0.964408962	4
河南	2020	0.869341844	0.846989967	0.876470202	0.843899168	0.992589389	4
黑龙江	1997	0.464598731	0.915551839	0.498187071	0.393480324	0.605057168	2
黑龙江	1998	0.467378894	0.899665552	0.501010684	0.401707046	0.596578157	2
黑龙江	1999	0.469876087	0.89548495	0.505971457	0.40730837	0.581420729	2
黑龙江	2000	0.48112631	0.900501672	0.516990059	0.422953608	0.583391586	2
黑龙江	2001	0.487297834	0.910535117	0.519031203	0.432915808	0.598469942	2
黑龙江	2002	0.493519171	0.918896321	0.522862516	0.441592556	0.608666221	2
黑龙江	2003	0.504216316	0.918060201	0.535988181	0.450486105	0.616038078	2
黑龙江	2004	0.518097473	0.923076923	0.552179567	0.459670376	0.636588001	2
黑龙江	2005	0.532817337	0.924749164	0.56979991	0.469412545	0.655914815	2
黑龙江	2006	0.545085784	0.923076923	0.583754186	0.480381096	0.666678814	2
黑龙江	2007	0.560482846	0.918060201	0.59803153	0.494588407	0.693665485	2
黑龙江	2008	0.577818882	0.922240803	0.616385806	0.508458459	0.719818249	2
黑龙江	2009	0.57918443	0.920568562	0.607787712	0.521356391	0.728725199	2
黑龙江	2010	0.595696581	0.933946488	0.622861714	0.539952835	0.746925401	2
黑龙江	2011	0.617385247	0.927257525	0.64445316	0.556004923	0.788674378	2
黑龙江	2012	0.630268906	0.908862876	0.649193722	0.571010405	0.824686633	2
黑龙江	2013	0.639528269	0.899665552	0.65179262	0.580056325	0.855049459	2
黑龙江	2014	0.642963765	0.880434783	0.6432981	0.593551661	0.865009571	2
黑龙江	2015	0.637801558	0.881270903	0.616131837	0.604562347	0.866368224	2
黑龙江	2016	0.640022973	0.872909699	0.608501837	0.613918001	0.868845599	2
黑龙江	2017	0.644459232	0.889297659	0.602781446	0.622120096	0.881963142	2
黑龙江	2018	0.649949333	0.873745819	0.603344553	0.632068471	0.884089622	2
黑龙江	2019	0.65686274	0.871237458	0.606856971	0.64011118	0.894563056	2
黑龙江	2020	0.658350661	0.844481605	0.601543232	0.641166751	0.908462336	2
湖北	1997	0.481158993	0.935618729	0.474909063	0.439036015	0.673133754	4
湖北	1998	0.489538613	0.908026756	0.485681766	0.448945905	0.674929873	4
湖北	1999	0.49311031	0.901337793	0.494687801	0.458344804	0.651857092	4
湖北	2000	0.502406763	0.908026756	0.503613966	0.471043816	0.653505315	4
湖北	2001	0.51156507	0.910200669	0.512869104	0.481524424	0.659296435	4
湖北	2002	0.520040604	0.913210702	0.521408968	0.491914762	0.662097664	4
湖北	2003	0.532840859	0.917307692	0.535623858	0.502780039	0.678385941	4
湖北	2004	0.549453396	0.926421405	0.552336597	0.514940681	0.710894599	4
湖北	2005	0.566629218	0.93687291	0.574127924	0.531033207	0.719282516	4
湖北	2006	0.584120474	0.947324415	0.59401099	0.549576493	0.726622458	4
湖北	2007	0.611254135	0.95819398	0.622343768	0.576746533	0.75145416	4
湖北	2008	0.635686597	0.948160535	0.64833576	0.596304521	0.79057513	4
湖北	2009	0.65340992	0.950668896	0.671439089	0.613586709	0.790693955	4
湖北	2010	0.68103589	0.9590301	0.705837161	0.634575836	0.818653926	4
湖北	2011	0.709705835	0.954013378	0.739278681	0.657878609	0.850255455	4
湖北	2012	0.727627897	0.929765886	0.759169091	0.674998889	0.863966863	4
湖北	2013	0.744756301	0.921404682	0.768387387	0.701811995	0.877059571	4
湖北	2014	0.760855463	0.917056856	0.782898006	0.721558105	0.884114365	4
湖北	2015	0.771857697	0.908026756	0.78954409	0.737711577	0.890406447	4
湖北	2016	0.786592234	0.903846154	0.800384978	0.755755939	0.906773525	4
湖北	2017	0.804105338	0.901337793	0.813055624	0.779442529	0.913203401	4
湖北	2018	0.823792652	0.901337793	0.831451965	0.803149188	0.914195453	4
湖北	2019	0.836737646	0.897157191	0.842052624	0.817939462	0.927277002	4
湖北	2020	0.829292151	0.794314381	0.826181553	0.813542409	0.942471755	4
湖南	1997	0.480916186	0.924749164	0.472519482	0.43298225	0.687871878	4
湖南	1998	0.486724229	0.907190635	0.479673605	0.443587724	0.6834028	4
湖南	1999	0.492659022	0.906354515	0.485502022	0.456754177	0.674935076	4
湖南	2000	0.502579526	0.911204013	0.493395834	0.472531631	0.676088038	4
湖南	2001	0.510276428	0.911622074	0.502205019	0.479987114	0.68297654	4
湖南	2002	0.518518814	0.911287625	0.509837967	0.49078342	0.686499916	4
湖南	2003	0.530639616	0.91638796	0.525497482	0.50321168	0.690096889	4
湖南	2004	0.549370955	0.928929766	0.54546342	0.520296827	0.712798191	4
湖南	2005	0.56487036	0.93812709	0.562483104	0.537330046	0.720425897	4
湖南	2006	0.582557173	0.943143813	0.585022871	0.550300927	0.74138915	4
湖南	2007	0.609092518	0.962374582	0.614253939	0.57273621	0.776023674	4
湖南	2008	0.633570456	0.954013378	0.643235507	0.595297513	0.794746288	4
湖南	2009	0.64920207	0.952341137	0.658949066	0.614554686	0.797792164	4
湖南	2010	0.675467553	0.957943144	0.692329438	0.635185035	0.821043173	4
湖南	2011	0.702237082	0.943143813	0.725406401	0.656235784	0.846839771	4
湖南	2012	0.718487907	0.931438127	0.741693224	0.674214507	0.856943331	4
湖南	2013	0.733674285	0.920317726	0.755890488	0.693639208	0.858362274	4
湖南	2014	0.74768699	0.915301003	0.76811243	0.711270985	0.863720596	4
湖南	2015	0.762446204	0.907190635	0.778734936	0.731790901	0.868637699	4
湖南	2016	0.774432232	0.903010033	0.782102896	0.751556668	0.878988444	4
湖南	2017	0.788820558	0.903010033	0.788263709	0.773974683	0.883926363	4
湖南	2018	0.800156593	0.901337793	0.793400228	0.790796754	0.888927039	4
湖南	2019	0.815275531	0.899665552	0.809799332	0.802728264	0.919242487	4
湖南	2020	0.822847697	0.867892977	0.815358789	0.808484321	0.947372038	4
吉林	1997	0.420969914	0.911371237	0.418384607	0.385438032	0.580199858	2
吉林	1998	0.427259537	0.912040134	0.421105886	0.390065061	0.598486776	2
吉林	1999	0.432334392	0.904682274	0.430574461	0.394555024	0.59673152	2
吉林	2000	0.436312106	0.91270903	0.433329566	0.404862391	0.589424156	2
吉林	2001	0.443519014	0.906354515	0.44216777	0.412617517	0.592382289	2
吉林	2002	0.449966491	0.894648829	0.447478294	0.419034339	0.602620617	2
吉林	2003	0.454200098	0.913043478	0.448849257	0.423163253	0.614458034	2
吉林	2004	0.46681027	0.911371237	0.459241007	0.43636383	0.632462644	2
吉林	2005	0.478435225	0.908026756	0.468891932	0.450108871	0.644658903	2
吉林	2006	0.493024158	0.926421405	0.477441373	0.473533761	0.649084603	2
吉林	2007	0.516727939	0.933110368	0.506732297	0.494404426	0.670892396	2
吉林	2008	0.534559707	0.936454849	0.526424057	0.511192009	0.689122891	2
吉林	2009	0.547217561	0.922240803	0.541292444	0.524861692	0.693076845	2
吉林	2010	0.565588777	0.923076923	0.56228464	0.54460739	0.699178405	2
吉林	2011	0.587233326	0.923913043	0.581138023	0.567996231	0.72406739	2
吉林	2012	0.600906363	0.910535117	0.595613207	0.581750873	0.73545742	2
吉林	2013	0.610949867	0.907190635	0.604573536	0.593503215	0.74205629	2
吉林	2014	0.617776745	0.888795987	0.612253378	0.60069691	0.744411851	2
吉林	2015	0.618413382	0.887123746	0.613308868	0.601141296	0.744462245	2
吉林	2016	0.623382416	0.890468227	0.61533019	0.61259601	0.727206421	2
吉林	2017	0.629191878	0.879598662	0.618268076	0.622183916	0.722685845	2
吉林	2018	0.632969216	0.872909699	0.619993704	0.626610182	0.731110327	2
吉林	2019	0.638202829	0.861204013	0.62252243	0.631975076	0.746406609	2
吉林	2020	0.644441645	0.856187291	0.628181876	0.634509164	0.774947826	2
江苏	1997	0.570272444	0.936120401	0.599048414	0.513490765	0.714649928	3
江苏	1998	0.578880032	0.92826087	0.606856971	0.525769179	0.716210662	3
江苏	1999	0.586673165	0.92048495	0.615919876	0.534966964	0.714866441	3
江苏	2000	0.599174573	0.924498328	0.631334955	0.547242398	0.716372003	3
江苏	2001	0.611324613	0.920986622	0.644221235	0.560343628	0.722569688	3
江苏	2002	0.625518212	0.93361204	0.661562534	0.573852294	0.724664844	3
江苏	2003	0.645813005	0.95	0.687385964	0.59058256	0.731329394	3
江苏	2004	0.668822164	0.954013378	0.716059114	0.608020028	0.747917276	3
江苏	2005	0.696242752	0.957190635	0.746231561	0.635786426	0.757972815	3
江苏	2006	0.718715161	0.960702341	0.770256704	0.659141854	0.766304071	3
江苏	2007	0.748304657	0.960702341	0.800058432	0.689912874	0.790535506	3
江苏	2008	0.774893529	0.942307692	0.826445392	0.717665346	0.814198292	3
江苏	2009	0.791799345	0.940217391	0.841549213	0.737671838	0.826545799	3
江苏	2010	0.82127555	0.942307692	0.868496915	0.771743831	0.846082562	3
江苏	2011	0.848938832	0.928093645	0.89382246	0.801600637	0.878579257	3
江苏	2012	0.865208218	0.921404682	0.907026986	0.82087126	0.897810538	3
江苏	2013	0.882685423	0.91722408	0.920003894	0.84380135	0.908947451	3
江苏	2014	0.898418241	0.908026756	0.93169284	0.864360069	0.917227429	3
江苏	2015	0.915560138	0.908026756	0.945234426	0.884888273	0.934139829	3
江苏	2016	0.93071281	0.901337793	0.954509586	0.906437904	0.938229472	3
江苏	2017	0.950365633	0.89590301	0.975781492	0.926518111	0.938480631	3
江苏	2018	0.966079556	0.892140468	0.990331687	0.944211806	0.9429184	3
江苏	2019	0.977120395	0.885451505	0.996727654	0.959464962	0.949894311	3
江苏	2020	0.985037611	0.867056856	1	0.970901045	0.960254134	3
甘肃	1997	0.372425768	0.912207358	0.377218549	0.335433485	0.509195834	6
甘肃	1998	0.380866682	0.91722408	0.384862435	0.346300704	0.515744529	6
甘肃	1999	0.386583507	0.911371237	0.392134706	0.355362	0.510065567	6
甘肃	2000	0.394092753	0.91722408	0.39432481	0.370586389	0.511261724	6
甘肃	2001	0.399375795	0.917725753	0.40091467	0.374277909	0.518363167	6
甘肃	2002	0.406674489	0.918561873	0.408273104	0.382913	0.522073511	6
甘肃	2003	0.417200248	0.930602007	0.41915951	0.393453639	0.532541632	6
甘肃	2004	0.431329629	0.927257525	0.433910287	0.406012755	0.551434101	6
甘肃	2005	0.441815763	0.935200669	0.445055468	0.416950702	0.559361865	6
甘肃	2006	0.456798206	0.936371237	0.466059757	0.428230492	0.568455148	6
甘肃	2007	0.474888144	0.938963211	0.490380154	0.441999675	0.580387134	6
甘肃	2008	0.48820074	0.920735786	0.503415563	0.457284167	0.588202442	6
甘肃	2009	0.494294745	0.921404682	0.506428785	0.466155473	0.596148468	6
甘肃	2010	0.513220633	0.934782609	0.533440851	0.478007954	0.610855874	6
甘肃	2011	0.534166836	0.946488294	0.553068341	0.502447806	0.623977952	6
甘肃	2012	0.546374837	0.934782609	0.562624886	0.51694845	0.638773441	6
甘肃	2013	0.558422634	0.930602007	0.570554667	0.532686543	0.652674359	6
甘肃	2014	0.567480237	0.911371237	0.576784867	0.544719673	0.659980818	6
甘肃	2015	0.568143116	0.904682274	0.563169911	0.555823106	0.666964627	6
甘肃	2016	0.574105897	0.899665552	0.562181455	0.565713874	0.678793324	6
甘肃	2017	0.581063103	0.865551839	0.563633994	0.57588209	0.688513738	6
甘肃	2018	0.592738737	0.887123746	0.574244831	0.588546292	0.698819573	6
甘肃	2019	0.601463165	0.887959866	0.57837612	0.598348273	0.717863658	6
甘肃	2020	0.605525166	0.868729097	0.577954416	0.602528271	0.735761039	6
广东	1997	0.588116379	0.929765886	0.609298615	0.548352884	0.706536104	4
广东	1998	0.599197547	0.927257525	0.620892122	0.561149651	0.708864941	4
广东	1999	0.609147478	0.922240803	0.629857275	0.573984641	0.710914328	4
广东	2000	0.627898578	0.933946488	0.647734709	0.597962316	0.707687853	4
广东	2001	0.642495976	0.92416388	0.66061953	0.61657591	0.708049105	4
广东	2002	0.657419414	0.939548495	0.675256624	0.633433424	0.71176762	4
广东	2003	0.678948414	0.959866221	0.704670008	0.649387807	0.719698888	4
广东	2004	0.700321201	0.946488294	0.730370031	0.666844285	0.738410792	4
广东	2005	0.723537369	0.954849498	0.757756949	0.686248646	0.75852052	4
广东	2006	0.748148414	0.960702341	0.784696516	0.710311178	0.769039061	4
广东	2007	0.778845294	0.961371237	0.816225321	0.741896208	0.785673693	4
广东	2008	0.801799408	0.923913043	0.840212357	0.763857946	0.808601611	4
广东	2009	0.813512841	0.918896321	0.848401912	0.780193569	0.810708093	4
广东	2010	0.838628478	0.940635452	0.876792578	0.802592589	0.830819948	4
广东	2011	0.86317143	0.921404682	0.900315684	0.828128235	0.85596128	4
广东	2012	0.87560743	0.905518395	0.908328258	0.845045439	0.866311997	4
广东	2013	0.89187382	0.907107023	0.921222414	0.864987928	0.876614466	4
广东	2014	0.907496989	0.901086957	0.936924234	0.881059608	0.886290357	4
广东	2015	0.924324588	0.903010033	0.948284977	0.903382539	0.894931459	4
广东	2016	0.942015749	0.898829431	0.956990206	0.928518694	0.911725163	4
广东	2017	0.962826342	0.89916388	0.972833201	0.954310219	0.917432781	4
广东	2018	0.97965933	0.892976589	0.986871253	0.973596708	0.928587749	4
广东	2019	0.994939993	0.887959866	0.996088581	0.99262416	0.952243472	4
广东	2020	1	0.855351171	0.996464837	1	0.969932846	4
广西	1997	0.439547292	0.903428094	0.424892659	0.397678764	0.636990769	4
广西	1998	0.444005598	0.919732441	0.432018585	0.402298468	0.637854158	4
广西	1999	0.446763891	0.902173913	0.433951101	0.409833084	0.633672721	4
广西	2000	0.451582404	0.899665552	0.440182627	0.417338304	0.631347477	4
广西	2001	0.45992233	0.905518395	0.444706826	0.431336545	0.635585419	4
广西	2002	0.46938721	0.924331104	0.453115921	0.443822868	0.641144659	4
广西	2003	0.479178686	0.912207358	0.46438383	0.45226876	0.652969635	4
广西	2004	0.495404697	0.922240803	0.482046919	0.463913333	0.680377884	4
广西	2005	0.507863124	0.928929766	0.495744242	0.475051062	0.695582571	4
广西	2006	0.525004824	0.928929766	0.515159093	0.491223039	0.713057341	4
广西	2007	0.548019695	0.944816054	0.542281781	0.511322132	0.737809316	4
广西	2008	0.566379739	0.922240803	0.561388295	0.528028775	0.761435922	4
广西	2009	0.577473602	0.932274247	0.572302926	0.543726271	0.761787873	4
广西	2010	0.599157059	0.933946488	0.600909878	0.560105658	0.783410636	4
广西	2011	0.62185569	0.932274247	0.625692606	0.578506579	0.815685939	4
广西	2012	0.633527754	0.920568562	0.633236026	0.595259312	0.825215875	4
广西	2013	0.645869983	0.919732441	0.638933276	0.613791654	0.837586254	4
广西	2014	0.657283349	0.905518395	0.65035434	0.626345482	0.84638016	4
广西	2015	0.668593429	0.902173913	0.656443796	0.642385461	0.856783085	4
广西	2016	0.680106757	0.894648829	0.661950906	0.657676694	0.871924287	4
广西	2017	0.69368321	0.89548495	0.673709384	0.675162254	0.876729025	4
广西	2018	0.707452104	0.892976589	0.685466382	0.691856157	0.885260131	4
广西	2019	0.718690459	0.886287625	0.692559579	0.703817619	0.905879488	4
广西	2020	0.724809121	0.867056856	0.69377581	0.712605774	0.914589322	4
贵州	1997	0.373565747	0.911371237	0.365628672	0.33005774	0.546887063	5
贵州	1998	0.378320263	0.907190635	0.373018752	0.337565967	0.544053299	5
贵州	1999	0.385049824	0.909698997	0.379995961	0.348070287	0.545162101	5
贵州	2000	0.392358777	0.906354515	0.388457447	0.35798602	0.54654865	5
贵州	2001	0.399934944	0.909280936	0.396520376	0.368607004	0.547825394	5
贵州	2002	0.407424313	0.91187291	0.405010126	0.377687951	0.550457483	5
贵州	2003	0.418916335	0.920401338	0.418933661	0.390427693	0.554353658	5
贵州	2004	0.431109776	0.923076923	0.432206659	0.400853591	0.570260196	5
贵州	2005	0.445328339	0.942307692	0.447971216	0.416044207	0.579291797	5
贵州	2006	0.459305251	0.943143813	0.464172629	0.432273866	0.580773617	5
贵州	2007	0.48085507	0.959866221	0.48502739	0.455746817	0.599599202	5
贵州	2008	0.501241927	0.930602007	0.503961473	0.47699051	0.62325209	5
贵州	2009	0.510934165	0.931772575	0.513230697	0.489107396	0.625301955	5
贵州	2010	0.527387923	0.943143813	0.528335666	0.507018779	0.641317103	5
贵州	2011	0.550809134	0.964882943	0.551621469	0.531679883	0.660698266	5
贵州	2012	0.571325377	0.944816054	0.572367829	0.550529143	0.688983983	5
贵州	2013	0.590809786	0.939799331	0.590340606	0.571197686	0.709546443	5
贵州	2014	0.607611777	0.926421405	0.604919421	0.585662854	0.745732809	5
贵州	2015	0.624739601	0.925585284	0.619232515	0.600225337	0.783631248	5
贵州	2016	0.638914502	0.92416388	0.632266985	0.614093724	0.803572831	5
贵州	2017	0.657453534	0.921404682	0.645876992	0.63783213	0.817776176	5
贵州	2018	0.673538634	0.912207358	0.65922658	0.657602323	0.827501387	5
贵州	2019	0.685529057	0.905518395	0.670008588	0.671162573	0.83684779	5
贵州	2020	0.693962787	0.873745819	0.675312297	0.679731409	0.855068313	5
